frame_id,target_ram,window_index,window_start,window_end,access_offset,op,kind,ram_address
0x0C9,0x03FF84BB,0,0x0484EA,0x0485AA,0x048526,247F,short-gp,0x03FF8081
0x0C9,0x03FF84BB,0,0x0484EA,0x0485AA,0x048548,848F,short-gp,0x03FF84BB
0x0C9,0x03FF84BB,0,0x0484EA,0x0485AA,0x048584,247F,short-gp,0x03FF8081
0x0C9,0x03FF84BB,1,0x048966,0x048A26,0x0489B8,A48F,short-gp,0x03FF84B9
0x0C9,0x03FF84BB,1,0x048966,0x048A26,0x0489C4,A487,short-gp,0x03FF84BB
0x0C9,0x03FF84BB,1,0x048966,0x048A26,0x0489D8,246F,short-gp,0x03FF8081
0x0C9,0x03FF84BB,1,0x048966,0x048A26,0x0489F0,2457,short-gp,0x03FF8081
0x0C9,0x03FF84BB,1,0x048966,0x048A26,0x0489FC,A48F,short-gp,0x03FF84BD
0x0C9,0x03FF84BB,1,0x048966,0x048A26,0x048A06,8487,short-gp,0x03FF84B9
0x0C9,0x03FF84BB,2,0x049732,0x0497F2,0x049790,A45F,short-gp,0x03FF84BB
0x0C9,0x03FF84BB,2,0x049732,0x0497F2,0x049794,A47F,short-gp,0x03FF851B
0x0C9,0x03FF84BB,3,0x049A10,0x049AD0,0x049A56,8467,short-gp,0x03FF84CB
0x0C9,0x03FF84BB,3,0x049A10,0x049AD0,0x049A68,8457,short-gp,0x03FF84BB
0x0C9,0x03FF84BB,3,0x049A10,0x049AD0,0x049A6E,A48F,short-gp,0x03FF84BB
0x0C9,0x03FF84BB,3,0x049A10,0x049AD0,0x049A74,A487,short-gp,0x03FF84B9
0x0C9,0x03FF84BB,4,0x049AF8,0x049BBE,0x049B24,244F,short-gp,0x03FF8081
0x0C9,0x03FF84BB,4,0x049AF8,0x049BBE,0x049B44,845F,short-gp,0x03FF84CF
0x0C9,0x03FF84BB,4,0x049AF8,0x049BBE,0x049B56,848F,short-gp,0x03FF84BB
0x0C9,0x03FF84BB,4,0x049AF8,0x049BBE,0x049B5C,A487,short-gp,0x03FF84BB
0x0C9,0x03FF84BB,4,0x049AF8,0x049BBE,0x049B62,A47F,short-gp,0x03FF84B9
0x0C9,0x03FF84BB,5,0x049BE2,0x049CA8,0x049C0E,244F,short-gp,0x03FF8081
0x0C9,0x03FF84BB,5,0x049BE2,0x049CA8,0x049C2E,A45F,short-gp,0x03FF84CD
0x0C9,0x03FF84BB,5,0x049BE2,0x049CA8,0x049C40,848F,short-gp,0x03FF84BB
0x0C9,0x03FF84BB,5,0x049BE2,0x049CA8,0x049C46,A487,short-gp,0x03FF84BB
0x0C9,0x03FF84BB,5,0x049BE2,0x049CA8,0x049C4C,A47F,short-gp,0x03FF84B9
0x0C9,0x03FF84BB,6,0x049CCC,0x049D92,0x049CF8,244F,short-gp,0x03FF8081
0x0C9,0x03FF84BB,6,0x049CCC,0x049D92,0x049D18,A45F,short-gp,0x03FF84CB
0x0C9,0x03FF84BB,6,0x049CCC,0x049D92,0x049D2A,848F,short-gp,0x03FF84BB
0x0C9,0x03FF84BB,6,0x049CCC,0x049D92,0x049D30,A487,short-gp,0x03FF84BB
0x0C9,0x03FF84BB,6,0x049CCC,0x049D92,0x049D36,A47F,short-gp,0x03FF84B9
0x0C9,0x03FF84BB,7,0x049DB6,0x049E7C,0x049DE2,244F,short-gp,0x03FF8081
0x0C9,0x03FF84BB,7,0x049DB6,0x049E7C,0x049E02,845F,short-gp,0x03FF84CD
0x0C9,0x03FF84BB,7,0x049DB6,0x049E7C,0x049E14,848F,short-gp,0x03FF84BB
0x0C9,0x03FF84BB,7,0x049DB6,0x049E7C,0x049E1A,A487,short-gp,0x03FF84BB
0x0C9,0x03FF84BB,7,0x049DB6,0x049E7C,0x049E20,A47F,short-gp,0x03FF84B9
0x0C9,0x03FF84BB,8,0x049EA2,0x049F62,0x049EEE,A467,short-gp,0x03FF84C9
0x0C9,0x03FF84BB,8,0x049EA2,0x049F62,0x049EFA,8457,short-gp,0x03FF84BB
0x0C9,0x03FF84BB,8,0x049EA2,0x049F62,0x049F00,A48F,short-gp,0x03FF84BB
0x0C9,0x03FF84BB,8,0x049EA2,0x049F62,0x049F06,A487,short-gp,0x03FF84B9
0x0C9,0x03FF84BB,9,0x049F86,0x04A04C,0x049FB2,244F,short-gp,0x03FF8081
0x0C9,0x03FF84BB,9,0x049F86,0x04A04C,0x049FD2,A45F,short-gp,0x03FF84C3
0x0C9,0x03FF84BB,9,0x049F86,0x04A04C,0x049FE4,848F,short-gp,0x03FF84BB
0x0C9,0x03FF84BB,9,0x049F86,0x04A04C,0x049FEA,A487,short-gp,0x03FF84BB
0x0C9,0x03FF84BB,9,0x049F86,0x04A04C,0x049FF0,A47F,short-gp,0x03FF84B9
0x0C9,0x03FF84BB,10,0x04A096,0x04A15C,0x04A0E2,847F,short-gp,0x03FF84C5
0x0C9,0x03FF84BB,10,0x04A096,0x04A15C,0x04A0F4,846F,short-gp,0x03FF84BB
0x0C9,0x03FF84BB,10,0x04A096,0x04A15C,0x04A0FA,A467,short-gp,0x03FF84BB
0x0C9,0x03FF84BB,10,0x04A096,0x04A15C,0x04A102,A45F,short-gp,0x03FF84B9
0x0C9,0x03FF84BB,11,0x04A182,0x04A248,0x04A1AE,244F,short-gp,0x03FF8081
0x0C9,0x03FF84BB,11,0x04A182,0x04A248,0x04A1CE,845F,short-gp,0x03FF84C7
0x0C9,0x03FF84BB,11,0x04A182,0x04A248,0x04A1E0,848F,short-gp,0x03FF84BB
0x0C9,0x03FF84BB,11,0x04A182,0x04A248,0x04A1E6,A487,short-gp,0x03FF84BB
0x0C9,0x03FF84BB,11,0x04A182,0x04A248,0x04A1EC,A47F,short-gp,0x03FF84B9
0x0C9,0x03FF84BB,12,0x04A27A,0x04A340,0x04A2CC,A45F,short-gp,0x03FF84C5
0x0C9,0x03FF84BB,12,0x04A27A,0x04A340,0x04A2D8,848F,short-gp,0x03FF84BB
0x0C9,0x03FF84BB,12,0x04A27A,0x04A340,0x04A2DE,A487,short-gp,0x03FF84BB
0x0C9,0x03FF84BB,12,0x04A27A,0x04A340,0x04A2E4,A47F,short-gp,0x03FF84B9
0x0C9,0x03FF84BB,13,0x04A362,0x04A428,0x04A38E,244F,short-gp,0x03FF8081
0x0C9,0x03FF84BB,13,0x04A362,0x04A428,0x04A3AE,845F,short-gp,0x03FF84C9
0x0C9,0x03FF84BB,13,0x04A362,0x04A428,0x04A3C0,848F,short-gp,0x03FF84BB
0x0C9,0x03FF84BB,13,0x04A362,0x04A428,0x04A3C6,A487,short-gp,0x03FF84BB
0x0C9,0x03FF84BB,13,0x04A362,0x04A428,0x04A3CC,A47F,short-gp,0x03FF84B9
0x0C9,0x03FF84BB,14,0x04A44C,0x04A512,0x04A478,244F,short-gp,0x03FF8081
0x0C9,0x03FF84BB,14,0x04A44C,0x04A512,0x04A498,A45F,short-gp,0x03FF84C7
0x0C9,0x03FF84BB,14,0x04A44C,0x04A512,0x04A4AA,848F,short-gp,0x03FF84BB
0x0C9,0x03FF84BB,14,0x04A44C,0x04A512,0x04A4B0,A487,short-gp,0x03FF84BB
0x0C9,0x03FF84BB,14,0x04A44C,0x04A512,0x04A4B6,A47F,short-gp,0x03FF84B9
0x0C9,0x03FF84BB,15,0x04A57C,0x04A63C,0x04A5C2,8467,short-gp,0x03FF84DB
0x0C9,0x03FF84BB,15,0x04A57C,0x04A63C,0x04A5D4,8457,short-gp,0x03FF84BB
0x0C9,0x03FF84BB,15,0x04A57C,0x04A63C,0x04A5DA,A48F,short-gp,0x03FF84BB
0x0C9,0x03FF84BB,15,0x04A57C,0x04A63C,0x04A5E0,A487,short-gp,0x03FF84B9
0x0C9,0x03FF84BB,16,0x04A678,0x04A73E,0x04A6A8,244F,short-gp,0x03FF8081
0x0C9,0x03FF84BB,16,0x04A678,0x04A73E,0x04A6C4,848F,short-gp,0x03FF84C3
0x0C9,0x03FF84BB,16,0x04A678,0x04A73E,0x04A6D6,847F,short-gp,0x03FF84BB
0x0C9,0x03FF84BB,16,0x04A678,0x04A73E,0x04A6DC,A477,short-gp,0x03FF84BB
0x0C9,0x03FF84BB,16,0x04A678,0x04A73E,0x04A6E2,A46F,short-gp,0x03FF84B9
0x0C9,0x03FF84BB,17,0x04A792,0x04A852,0x04A7E0,247F,short-gp,0x03FF8081
0x0C9,0x03FF84BB,17,0x04A792,0x04A852,0x04A7F0,845F,short-gp,0x03FF84BB
0x0C9,0x03FF84BB,17,0x04A792,0x04A852,0x04A7F4,A457,short-gp,0x03FF84BB
0x0C9,0x03FF84BB,17,0x04A792,0x04A852,0x04A806,A46F,short-gp,0x03FF851F
0x0C9,0x03FF84BB,17,0x04A792,0x04A852,0x04A80A,8467,short-gp,0x03FF84C3
0x0C9,0x03FF84BB,17,0x04A792,0x04A852,0x04A80E,A45F,short-gp,0x03FF84B9
0x0C9,0x03FF84BB,18,0x04AAB0,0x04AB76,0x04AAB6,2467,short-gp,0x03FF8081
0x0C9,0x03FF84BB,18,0x04AAB0,0x04AB76,0x04AACA,2487,short-gp,0x03FF8081
0x0C9,0x03FF84BB,18,0x04AAB0,0x04AB76,0x04AAFC,A457,short-gp,0x03FF8521
0x0C9,0x03FF84BB,18,0x04AAB0,0x04AB76,0x04AB0E,8487,short-gp,0x03FF84BB
0x0C9,0x03FF84BB,18,0x04AAB0,0x04AB76,0x04AB14,A47F,short-gp,0x03FF84BB
0x0C9,0x03FF84BB,18,0x04AAB0,0x04AB76,0x04AB1A,A477,short-gp,0x03FF84B9
0x0C9,0x03FF84BB,18,0x04AAB0,0x04AB76,0x04AB3C,2467,short-gp,0x03FF8081
0x0C9,0x03FF84BB,19,0x04B31C,0x04B416,0x04B334,2A57,absolute,0x0000C201
0x0C9,0x03FF84BB,19,0x04B31C,0x04B416,0x04B338,2A57,short-gp,0x03FFC201
0x0C9,0x03FF84BB,19,0x04B31C,0x04B416,0x04B372,8477,short-gp,0x03FF851D
0x0C9,0x03FF84BB,19,0x04B31C,0x04B416,0x04B37A,A46F,short-gp,0x03FF84BB
0x0C9,0x03FF84BB,19,0x04B31C,0x04B416,0x04B3A2,247F,short-gp,0x03FF8081
0x0C9,0x03FF84BB,19,0x04B31C,0x04B416,0x04B3B4,A477,short-gp,0x03FF84BB
0x0C9,0x03FF84BB,19,0x04B31C,0x04B416,0x04B3DA,EA8F,short-gp,0x04000000
0x3D1,0x03FF84BB,0,0x0484EA,0x0485AA,0x048526,247F,short-gp,0x03FF8081
0x3D1,0x03FF84BB,0,0x0484EA,0x0485AA,0x048548,848F,short-gp,0x03FF84BB
0x3D1,0x03FF84BB,0,0x0484EA,0x0485AA,0x048584,247F,short-gp,0x03FF8081
0x3D1,0x03FF84BB,1,0x048966,0x048A26,0x0489B8,A48F,short-gp,0x03FF84B9
0x3D1,0x03FF84BB,1,0x048966,0x048A26,0x0489C4,A487,short-gp,0x03FF84BB
0x3D1,0x03FF84BB,1,0x048966,0x048A26,0x0489D8,246F,short-gp,0x03FF8081
0x3D1,0x03FF84BB,1,0x048966,0x048A26,0x0489F0,2457,short-gp,0x03FF8081
0x3D1,0x03FF84BB,1,0x048966,0x048A26,0x0489FC,A48F,short-gp,0x03FF84BD
0x3D1,0x03FF84BB,1,0x048966,0x048A26,0x048A06,8487,short-gp,0x03FF84B9
0x3D1,0x03FF84BB,2,0x049732,0x0497F2,0x049790,A45F,short-gp,0x03FF84BB
0x3D1,0x03FF84BB,2,0x049732,0x0497F2,0x049794,A47F,short-gp,0x03FF851B
0x3D1,0x03FF84BB,3,0x049A10,0x049AD0,0x049A56,8467,short-gp,0x03FF84CB
0x3D1,0x03FF84BB,3,0x049A10,0x049AD0,0x049A68,8457,short-gp,0x03FF84BB
0x3D1,0x03FF84BB,3,0x049A10,0x049AD0,0x049A6E,A48F,short-gp,0x03FF84BB
0x3D1,0x03FF84BB,3,0x049A10,0x049AD0,0x049A74,A487,short-gp,0x03FF84B9
0x3D1,0x03FF84BB,4,0x049AF8,0x049BBE,0x049B24,244F,short-gp,0x03FF8081
0x3D1,0x03FF84BB,4,0x049AF8,0x049BBE,0x049B44,845F,short-gp,0x03FF84CF
0x3D1,0x03FF84BB,4,0x049AF8,0x049BBE,0x049B56,848F,short-gp,0x03FF84BB
0x3D1,0x03FF84BB,4,0x049AF8,0x049BBE,0x049B5C,A487,short-gp,0x03FF84BB
0x3D1,0x03FF84BB,4,0x049AF8,0x049BBE,0x049B62,A47F,short-gp,0x03FF84B9
0x3D1,0x03FF84BB,5,0x049BE2,0x049CA8,0x049C0E,244F,short-gp,0x03FF8081
0x3D1,0x03FF84BB,5,0x049BE2,0x049CA8,0x049C2E,A45F,short-gp,0x03FF84CD
0x3D1,0x03FF84BB,5,0x049BE2,0x049CA8,0x049C40,848F,short-gp,0x03FF84BB
0x3D1,0x03FF84BB,5,0x049BE2,0x049CA8,0x049C46,A487,short-gp,0x03FF84BB
0x3D1,0x03FF84BB,5,0x049BE2,0x049CA8,0x049C4C,A47F,short-gp,0x03FF84B9
0x3D1,0x03FF84BB,6,0x049CCC,0x049D92,0x049CF8,244F,short-gp,0x03FF8081
0x3D1,0x03FF84BB,6,0x049CCC,0x049D92,0x049D18,A45F,short-gp,0x03FF84CB
0x3D1,0x03FF84BB,6,0x049CCC,0x049D92,0x049D2A,848F,short-gp,0x03FF84BB
0x3D1,0x03FF84BB,6,0x049CCC,0x049D92,0x049D30,A487,short-gp,0x03FF84BB
0x3D1,0x03FF84BB,6,0x049CCC,0x049D92,0x049D36,A47F,short-gp,0x03FF84B9
0x3D1,0x03FF84BB,7,0x049DB6,0x049E7C,0x049DE2,244F,short-gp,0x03FF8081
0x3D1,0x03FF84BB,7,0x049DB6,0x049E7C,0x049E02,845F,short-gp,0x03FF84CD
0x3D1,0x03FF84BB,7,0x049DB6,0x049E7C,0x049E14,848F,short-gp,0x03FF84BB
0x3D1,0x03FF84BB,7,0x049DB6,0x049E7C,0x049E1A,A487,short-gp,0x03FF84BB
0x3D1,0x03FF84BB,7,0x049DB6,0x049E7C,0x049E20,A47F,short-gp,0x03FF84B9
0x3D1,0x03FF84BB,8,0x049EA2,0x049F62,0x049EEE,A467,short-gp,0x03FF84C9
0x3D1,0x03FF84BB,8,0x049EA2,0x049F62,0x049EFA,8457,short-gp,0x03FF84BB
0x3D1,0x03FF84BB,8,0x049EA2,0x049F62,0x049F00,A48F,short-gp,0x03FF84BB
0x3D1,0x03FF84BB,8,0x049EA2,0x049F62,0x049F06,A487,short-gp,0x03FF84B9
0x3D1,0x03FF84BB,9,0x049F86,0x04A04C,0x049FB2,244F,short-gp,0x03FF8081
0x3D1,0x03FF84BB,9,0x049F86,0x04A04C,0x049FD2,A45F,short-gp,0x03FF84C3
0x3D1,0x03FF84BB,9,0x049F86,0x04A04C,0x049FE4,848F,short-gp,0x03FF84BB
0x3D1,0x03FF84BB,9,0x049F86,0x04A04C,0x049FEA,A487,short-gp,0x03FF84BB
0x3D1,0x03FF84BB,9,0x049F86,0x04A04C,0x049FF0,A47F,short-gp,0x03FF84B9
0x3D1,0x03FF84BB,10,0x04A096,0x04A15C,0x04A0E2,847F,short-gp,0x03FF84C5
0x3D1,0x03FF84BB,10,0x04A096,0x04A15C,0x04A0F4,846F,short-gp,0x03FF84BB
0x3D1,0x03FF84BB,10,0x04A096,0x04A15C,0x04A0FA,A467,short-gp,0x03FF84BB
0x3D1,0x03FF84BB,10,0x04A096,0x04A15C,0x04A102,A45F,short-gp,0x03FF84B9
0x3D1,0x03FF84BB,11,0x04A182,0x04A248,0x04A1AE,244F,short-gp,0x03FF8081
0x3D1,0x03FF84BB,11,0x04A182,0x04A248,0x04A1CE,845F,short-gp,0x03FF84C7
0x3D1,0x03FF84BB,11,0x04A182,0x04A248,0x04A1E0,848F,short-gp,0x03FF84BB
0x3D1,0x03FF84BB,11,0x04A182,0x04A248,0x04A1E6,A487,short-gp,0x03FF84BB
0x3D1,0x03FF84BB,11,0x04A182,0x04A248,0x04A1EC,A47F,short-gp,0x03FF84B9
0x3D1,0x03FF84BB,12,0x04A27A,0x04A340,0x04A2CC,A45F,short-gp,0x03FF84C5
0x3D1,0x03FF84BB,12,0x04A27A,0x04A340,0x04A2D8,848F,short-gp,0x03FF84BB
0x3D1,0x03FF84BB,12,0x04A27A,0x04A340,0x04A2DE,A487,short-gp,0x03FF84BB
0x3D1,0x03FF84BB,12,0x04A27A,0x04A340,0x04A2E4,A47F,short-gp,0x03FF84B9
0x3D1,0x03FF84BB,13,0x04A362,0x04A428,0x04A38E,244F,short-gp,0x03FF8081
0x3D1,0x03FF84BB,13,0x04A362,0x04A428,0x04A3AE,845F,short-gp,0x03FF84C9
0x3D1,0x03FF84BB,13,0x04A362,0x04A428,0x04A3C0,848F,short-gp,0x03FF84BB
0x3D1,0x03FF84BB,13,0x04A362,0x04A428,0x04A3C6,A487,short-gp,0x03FF84BB
0x3D1,0x03FF84BB,13,0x04A362,0x04A428,0x04A3CC,A47F,short-gp,0x03FF84B9
0x3D1,0x03FF84BB,14,0x04A44C,0x04A512,0x04A478,244F,short-gp,0x03FF8081
0x3D1,0x03FF84BB,14,0x04A44C,0x04A512,0x04A498,A45F,short-gp,0x03FF84C7
0x3D1,0x03FF84BB,14,0x04A44C,0x04A512,0x04A4AA,848F,short-gp,0x03FF84BB
0x3D1,0x03FF84BB,14,0x04A44C,0x04A512,0x04A4B0,A487,short-gp,0x03FF84BB
0x3D1,0x03FF84BB,14,0x04A44C,0x04A512,0x04A4B6,A47F,short-gp,0x03FF84B9
0x3D1,0x03FF84BB,15,0x04A57C,0x04A63C,0x04A5C2,8467,short-gp,0x03FF84DB
0x3D1,0x03FF84BB,15,0x04A57C,0x04A63C,0x04A5D4,8457,short-gp,0x03FF84BB
0x3D1,0x03FF84BB,15,0x04A57C,0x04A63C,0x04A5DA,A48F,short-gp,0x03FF84BB
0x3D1,0x03FF84BB,15,0x04A57C,0x04A63C,0x04A5E0,A487,short-gp,0x03FF84B9
0x3D1,0x03FF84BB,16,0x04A678,0x04A73E,0x04A6A8,244F,short-gp,0x03FF8081
0x3D1,0x03FF84BB,16,0x04A678,0x04A73E,0x04A6C4,848F,short-gp,0x03FF84C3
0x3D1,0x03FF84BB,16,0x04A678,0x04A73E,0x04A6D6,847F,short-gp,0x03FF84BB
0x3D1,0x03FF84BB,16,0x04A678,0x04A73E,0x04A6DC,A477,short-gp,0x03FF84BB
0x3D1,0x03FF84BB,16,0x04A678,0x04A73E,0x04A6E2,A46F,short-gp,0x03FF84B9
0x3D1,0x03FF84BB,17,0x04A792,0x04A852,0x04A7E0,247F,short-gp,0x03FF8081
0x3D1,0x03FF84BB,17,0x04A792,0x04A852,0x04A7F0,845F,short-gp,0x03FF84BB
0x3D1,0x03FF84BB,17,0x04A792,0x04A852,0x04A7F4,A457,short-gp,0x03FF84BB
0x3D1,0x03FF84BB,17,0x04A792,0x04A852,0x04A806,A46F,short-gp,0x03FF851F
0x3D1,0x03FF84BB,17,0x04A792,0x04A852,0x04A80A,8467,short-gp,0x03FF84C3
0x3D1,0x03FF84BB,17,0x04A792,0x04A852,0x04A80E,A45F,short-gp,0x03FF84B9
0x3D1,0x03FF84BB,18,0x04AAB0,0x04AB76,0x04AAB6,2467,short-gp,0x03FF8081
0x3D1,0x03FF84BB,18,0x04AAB0,0x04AB76,0x04AACA,2487,short-gp,0x03FF8081
0x3D1,0x03FF84BB,18,0x04AAB0,0x04AB76,0x04AAFC,A457,short-gp,0x03FF8521
0x3D1,0x03FF84BB,18,0x04AAB0,0x04AB76,0x04AB0E,8487,short-gp,0x03FF84BB
0x3D1,0x03FF84BB,18,0x04AAB0,0x04AB76,0x04AB14,A47F,short-gp,0x03FF84BB
0x3D1,0x03FF84BB,18,0x04AAB0,0x04AB76,0x04AB1A,A477,short-gp,0x03FF84B9
0x3D1,0x03FF84BB,18,0x04AAB0,0x04AB76,0x04AB3C,2467,short-gp,0x03FF8081
0x3D1,0x03FF84BB,19,0x04B31C,0x04B416,0x04B334,2A57,absolute,0x0000C201
0x3D1,0x03FF84BB,19,0x04B31C,0x04B416,0x04B338,2A57,short-gp,0x03FFC201
0x3D1,0x03FF84BB,19,0x04B31C,0x04B416,0x04B372,8477,short-gp,0x03FF851D
0x3D1,0x03FF84BB,19,0x04B31C,0x04B416,0x04B37A,A46F,short-gp,0x03FF84BB
0x3D1,0x03FF84BB,19,0x04B31C,0x04B416,0x04B3A2,247F,short-gp,0x03FF8081
0x3D1,0x03FF84BB,19,0x04B31C,0x04B416,0x04B3B4,A477,short-gp,0x03FF84BB
0x3D1,0x03FF84BB,19,0x04B31C,0x04B416,0x04B3DA,EA8F,short-gp,0x04000000
0x3E9,0x03FF43E7,0,0x08A61E,0x08A6FA,0x08A632,8487,short-gp,0x03FF82F1
0x3E9,0x03FF43E7,0,0x08A61E,0x08A6FA,0x08A6F0,2457,short-gp,0x03FF8081
0x3E9,0x03FF43E7,1,0x08B064,0x08B124,0x08B064,EA57,short-gp,0x04000000
0x3E9,0x03FF43E7,1,0x08B064,0x08B124,0x08B07C,EA8F,short-gp,0x04000000
0x3E9,0x03FF43E7,1,0x08B064,0x08B124,0x08B0C8,EA5F,short-gp,0x04000000
0x3E9,0x03FF43E7,1,0x08B064,0x08B124,0x08B0D6,EA8F,short-gp,0x04000000
0x3E9,0x03FF43E7,1,0x08B064,0x08B124,0x08B0DC,EA7F,short-gp,0x04000000
0x3E9,0x03FF43E7,1,0x08B064,0x08B124,0x08B0EE,EA6F,short-gp,0x04000000
0x3E9,0x03FF43E7,1,0x08B064,0x08B124,0x08B0F4,EA5F,short-gp,0x04000000
0x3E9,0x03FF43E7,1,0x08B064,0x08B124,0x08B0FE,EA8F,short-gp,0x04000000
0x3E9,0x03FF43E7,1,0x08B064,0x08B124,0x08B10C,EA7F,short-gp,0x04000000
0x3E9,0x03FF43E7,1,0x08B064,0x08B124,0x08B11A,EA6F,short-gp,0x04000000
0x3E9,0x03FF43FB,0,0x06D5C8,0x06D700,0x06D5F4,247F,short-gp,0x03FF8081
0x3E9,0x03FF43FB,0,0x06D5C8,0x06D700,0x06D622,2457,short-gp,0x03FF8081
0x3E9,0x03FF81C1,0,0x0D61C6,0x0D6286,0x0D620A,2457,short-gp,0x03FF8081
0x3E9,0x03FF81C1,0,0x0D61C6,0x0D6286,0x0D6224,A48F,short-gp,0x03FF81C1
0x3E9,0x03FF81C1,0,0x0D61C6,0x0D6286,0x0D6238,A477,short-gp,0x03FF81C3
0x3E9,0x03FF81C1,0,0x0D61C6,0x0D6286,0x0D6244,A467,short-gp,0x03FF81C3
0x3E9,0x03FF81C1,1,0x0D67B2,0x0D6872,0x0D67D8,A447,short-gp,0x03FF81C3
0x3E9,0x03FF81C1,1,0x0D67B2,0x0D6872,0x0D67E4,8487,short-gp,0x03FF81C3
0x3E9,0x03FF81C1,1,0x0D67B2,0x0D6872,0x0D67FC,8477,short-gp,0x03FF81C3
0x3E9,0x03FF81C1,1,0x0D67B2,0x0D6872,0x0D6810,A467,short-gp,0x03FF81C1
0x3E9,0x03FF81C1,2,0x0D6F1C,0x0D6FDC,0x0D6F1E,2487,short-gp,0x03FF8081
0x3E9,0x03FF81C1,2,0x0D6F1C,0x0D6FDC,0x0D6F66,245F,short-gp,0x03FF8081
0x3E9,0x03FF81C1,2,0x0D6F1C,0x0D6FDC,0x0D6F7A,A48F,short-gp,0x03FF81C1
0x3E9,0x03FF81C1,2,0x0D6F1C,0x0D6FDC,0x0D6FD4,248F,short-gp,0x03FF8081
0x3E9,0x03FF81C1,3,0x0D714E,0x0D720E,0x0D71AC,8487,short-gp,0x03FF81C1
0x3E9,0x03FF81C1,3,0x0D714E,0x0D720E,0x0D71D0,246F,short-gp,0x03FF8081
0x3E9,0x03FF81C1,4,0x0D7256,0x0D7316,0x0D72B4,A487,short-gp,0x03FF81C1
0x3E9,0x03FF81C1,5,0x0D7346,0x0D7406,0x0D73A4,A46F,short-gp,0x03FF81C1
0x3E9,0x03FF81C1,6,0x0D7680,0x0D7740,0x0D769E,A48F,short-gp,0x03FF81C3
0x3E9,0x03FF81C1,6,0x0D7680,0x0D7740,0x0D76B6,8477,short-gp,0x03FF81C3
0x3E9,0x03FF81C1,6,0x0D7680,0x0D7740,0x0D76DE,A48F,short-gp,0x03FF81C1
0x3E9,0x03FF81C1,6,0x0D7680,0x0D7740,0x0D76FE,248F,short-gp,0x03FF8081
0x3E9,0x03FF81C1,6,0x0D7680,0x0D7740,0x0D770E,845F,short-gp,0x03FF81C3
0x3E9,0x03FF81C1,6,0x0D7680,0x0D7740,0x0D771E,8487,short-gp,0x03FF81C3
0x3E9,0x03FF81C1,6,0x0D7680,0x0D7740,0x0D772A,2477,short-gp,0x03FF8081
0x3E9,0x03FF81C1,7,0x0D77D8,0x0D7898,0x0D77DC,2487,short-gp,0x03FF8081
0x3E9,0x03FF81C1,7,0x0D77D8,0x0D7898,0x0D77FE,A47F,short-gp,0x03FF81C3
0x3E9,0x03FF81C1,7,0x0D77D8,0x0D7898,0x0D7816,8467,short-gp,0x03FF81C3
0x3E9,0x03FF81C1,7,0x0D77D8,0x0D7898,0x0D7836,A487,short-gp,0x03FF81C1
0x3E9,0x03FF81C1,7,0x0D77D8,0x0D7898,0x0D786E,8457,short-gp,0x03FF81C3
0x3E9,0x03FF81C1,7,0x0D77D8,0x0D7898,0x0D787E,847F,short-gp,0x03FF81C3
0x3E9,0x03FF81C5,0,0x0D6386,0x0D644A,0x0D63D4,8477,short-gp,0x03FF81C3
0x3E9,0x03FF81C5,0,0x0D6386,0x0D644A,0x0D63DC,A46F,short-gp,0x03FF81C3
0x3E9,0x03FF81C5,0,0x0D6386,0x0D644A,0x0D63E4,845F,short-gp,0x03FF81C5
0x3E9,0x03FF81C5,0,0x0D6386,0x0D644A,0x0D63E8,A467,short-gp,0x03FF81C5
0x3E9,0x03FF81C5,1,0x0D6A42,0x0D6B02,0x0D6A56,844F,short-gp,0x03FF81C5
0x3E9,0x03FF81C5,1,0x0D6A42,0x0D6B02,0x0D6A80,A48F,short-gp,0x03FF81C3
0x3E9,0x03FF81C5,1,0x0D6A42,0x0D6B02,0x0D6AA0,A45F,short-gp,0x03FF81C5
0x3E9,0x03FF81C5,2,0x11930E,0x1193CE,0x119356,2F7F,short-gp,0x03FF8875
0x3E9,0x03FF81C5,2,0x11930E,0x1193CE,0x11936C,2E77,short-gp,0x03FF81C5
0x3E9,0x03FF81C5,2,0x11930E,0x1193CE,0x1193C0,2A57,absolute,0x00018921
0x3E9,0x03FF81C5,2,0x11930E,0x1193CE,0x1193C4,2A57,short-gp,0x03FF8921
